customer_id,age,temps_visite_minutes,nombre_produits_consultes,nombre_articles_panier,sessions_precedentes,jour_semaine,appareil,source_traffic,client_vip,promotions_utilisees,revenue
1,71,8.417401709337813,7,2,4,Dimanche,Mobile,Direct,0,0,81864.01368806334
2,43,7.580636320949568,7,2,4,Samedi,Mobile,Payant,1,0,98262.60921063353
3,28,1.6945735518944478,7,2,4,Mardi,Mobile,Direct,0,1,63652.063216814044
4,25,4.686757058272859,7,2,4,Lundi,Desktop,Payant,0,0,58666.523953747805
5,61,1.229398447921718,7,2,4,Vendredi,Mobile,Réseaux,0,1,76559.52178446749
6,57,14.063205003910811,7,2,4,Mercredi,Desktop,Payant,0,0,96643.6166661678
7,60,2.6782802739650293,7,2,4,Vendredi,Mobile,Payant,0,1,63117.76362694957
8,39,31.95581369620208,7,2,4,Mercredi,Desktop,Payant,1,1,132469.72668889142
9,37,12.108080001993976,7,2,4,Jeudi,Desktop,Organique,0,0,71112.13007324025
10,25,19.044095525339685,7,2,4,Mardi,Mobile,Réseaux,0,0,80732.61994470136
11,46,8.93629744458862,7,2,4,Jeudi,Mobile,Payant,0,1,76175.75942374565
12,57,13.33448753188778,7,2,4,Mercredi,Mobile,Payant,0,0,79699.95771465014
13,43,43.88113697598632,7,2,4,Mercredi,Tablette,Direct,0,0,120111.52873404107
14,47,2.2953672347707084,7,2,4,Mercredi,Desktop,Réseaux,0,0,82673.99289438679
15,34,5.394193999080796,7,2,4,Samedi,Tablette,Payant,0,1,77204.03117937941
16,37,23.711120118097824,7,2,4,Lundi,Mobile,Direct,0,0,81509.23768760831
17,69,2.559375934359873,7,2,4,Mardi,Desktop,Direct,0,1,76884.65655676273
18,72,2.1801475587673833,7,2,4,Jeudi,Desktop,Organique,0,0,67351.13089207103
19,33,7.73047664691549,7,2,4,Jeudi,Desktop,Direct,1,1,82532.96162673271
20,63,2.450438406734394,7,2,4,Vendredi,Tablette,Payant,1,0,85215.48355717763
21,60,14.194986909727254,7,2,4,Mercredi,Mobile,Organique,0,1,96755.46333767513
22,24,4.848086347760576,7,2,4,Dimanche,Mobile,Organique,0,0,49749.77273561334
23,33,34.90696583314405,7,2,4,Mercredi,Desktop,Payant,1,1,136763.1866058001
24,62,23.952476574382924,7,2,4,Mercredi,Desktop,Réseaux,0,1,108587.66939054405
25,64,19.044859607075804,7,2,4,Dimanche,Mobile,Direct,1,0,104634.53782635901
26,73,15.393612368201032,7,2,4,Jeudi,Mobile,Organique,1,0,106681.11307778045
27,65,30.8676945414678,7,2,4,Vendredi,Mobile,Réseaux,0,0,116078.1876893716
28,44,4.785922076348976,7,2,4,Lundi,Mobile,Payant,0,0,69369.29609848058
29,70,31.96638384434499,7,2,4,Dimanche,Mobile,Direct,1,1,138218.4957756748
30,40,24.373495592047856,7,2,4,Samedi,Desktop,Direct,0,0,87357.45349948824
31,41,21.68446892737185,7,2,4,Mardi,Desktop,Organique,0,0,86220.94370631549
32,26,13.357576686506672,7,2,4,Dimanche,Mobile,Direct,0,1,76371.37415480166
33,52,5.240301764971155,7,2,4,Lundi,Mobile,Direct,0,0,53993.686049652664
34,68,9.26294587096743,7,2,4,Jeudi,Mobile,Direct,0,0,91665.72440496983
35,37,24.666956167883864,7,2,4,Samedi,Mobile,Direct,0,0,89333.59132468393
36,54,1.4844156911687705,7,2,4,Samedi,Desktop,Payant,1,1,95597.44914198371
37,59,23.852396947694928,7,2,4,Samedi,Tablette,Réseaux,0,1,103899.8442397866
38,34,5.11794894434256,7,2,4,Mercredi,Mobile,Payant,0,1,66734.49807234271
39,64,3.337692758362004,7,2,4,Mardi,Desktop,Payant,0,0,67999.57216323978
40,48,2.844405970748057,7,2,4,Jeudi,Desktop,Organique,0,1,62680.13612930721
41,72,1.4144226910460773,7,2,4,Jeudi,Desktop,Direct,0,0,84232.8102875195
42,74,12.122036100258791,7,2,4,Samedi,Mobile,Payant,1,0,95563.81370167232
43,25,4.693493675340525,7,2,4,Jeudi,Tablette,Direct,1,0,71111.59755549706
44,32,69.24853823258286,7,2,4,Mardi,Mobile,Payant,0,0,142196.88729595262
45,48,13.815125607487643,7,2,4,Mardi,Mobile,Payant,0,0,86139.71054359188
46,70,3.22550378470509,7,2,4,Vendredi,Mobile,Organique,0,0,71130.44390313406
47,47,18.50798685667566,7,2,4,Dimanche,Mobile,Réseaux,0,0,75426.27331824558
48,63,35.204073502274,7,2,4,Dimanche,Mobile,Réseaux,0,0,118850.75255093952
49,37,21.507938276354306,7,2,4,Vendredi,Mobile,Payant,0,1,98790.95324746903
50,56,2.192790411542334,7,2,4,Lundi,Mobile,Organique,1,0,88274.30440888822
51,70,34.933770356532534,7,2,4,Dimanche,Desktop,Direct,0,1,127086.29844672662
52,72,24.693045727646158,7,2,4,Mardi,Desktop,Direct,0,0,115495.96035203151
53,29,3.585043845710221,7,2,4,Mardi,Mobile,Payant,0,1,82216.27900036692
54,66,1.7976241969242772,7,2,4,Dimanche,Desktop,Réseaux,0,0,63356.90220129921
55,34,13.223302416217319,7,2,4,Mardi,Desktop,Organique,0,0,82978.97286815774
56,59,3.544678236759729,7,2,4,Vendredi,Desktop,Réseaux,0,0,70360.78013307604
57,47,27.990006966085613,7,2,4,Samedi,Mobile,Direct,0,1,109038.48672127441
58,46,7.655325749139315,7,2,4,Samedi,Desktop,Réseaux,0,1,67719.1027841087
59,36,37.60917484721754,7,2,4,Jeudi,Tablette,Direct,0,0,103826.9922865623
60,63,13.509887582596624,7,2,4,Samedi,Desktop,Organique,0,0,76891.45821649709
61,28,4.025728990268205,7,2,4,Mercredi,Mobile,Organique,0,1,73577.49021480253
62,51,3.255348477673368,7,2,4,Vendredi,Mobile,Payant,0,1,81692.58378339048
63,67,13.887050267493208,7,2,4,Mardi,Desktop,Payant,1,0,90081.65025125926
64,24,22.524935485851305,7,2,4,Dimanche,Mobile,Réseaux,0,0,81108.33712723723
65,61,23.81492668856289,7,2,4,Samedi,Mobile,Organique,0,0,102408.24681841974
66,51,5.83943298975298,7,2,4,Vendredi,Mobile,Organique,0,1,76839.41001342334
67,37,4.426992097459587,7,2,4,Samedi,Desktop,Payant,0,0,66577.22652243754
68,67,1.2534741937351082,7,2,4,Lundi,Desktop,Direct,0,1,79594.68500675038
69,55,18.054021356674546,7,2,4,Mardi,Mobile,Réseaux,0,0,87786.14249653336
70,41,2.1948759225126615,7,2,4,Lundi,Tablette,Réseaux,0,0,58410.67435214423
71,27,9.190606813790717,7,2,4,Mardi,Mobile,Payant,0,0,56798.590658976944
72,49,14.807575142901038,7,2,4,Vendredi,Desktop,Organique,1,1,101459.40097156643
73,69,42.49527000952393,7,2,4,Jeudi,Desktop,Payant,0,1,136622.56268215866
74,32,6.605183361419246,7,2,4,Samedi,Desktop,Payant,1,0,82795.24177710789
75,54,5.310675027699646,7,2,4,Samedi,Tablette,Payant,0,1,77444.72908410922
76,37,16.926692271141064,7,2,4,Mercredi,Mobile,Payant,0,0,75399.98709798338
77,20,15.483752221887002,7,2,4,Dimanche,Desktop,Direct,1,0,88369.72847277304
78,54,7.054471978322003,7,2,4,Lundi,Mobile,Direct,0,0,77668.63054549914
79,74,40.487568148433986,7,2,4,Samedi,Desktop,Organique,0,0,118962.86553821294
80,57,28.951635198151624,7,2,4,Vendredi,Desktop,Payant,0,0,91695.16823745334
81,25,4.803703999149456,7,2,4,Jeudi,Desktop,Direct,0,1,73061.27136867393
82,57,5.099638779747366,7,2,4,Dimanche,Mobile,Organique,0,0,67891.08465315515
83,61,11.770832913067325,7,2,4,Vendredi,Desktop,Payant,0,1,89312.93403535789
84,73,23.27993072010599,7,2,4,Lundi,Mobile,Réseaux,1,0,128468.84715025563
85,40,1.6755940701523193,7,2,4,Mercredi,Mobile,Direct,0,1,68870.35658125373
86,57,18.72999750574321,7,2,4,Samedi,Desktop,Organique,1,0,108632.94979145126
87,28,16.67191736591461,7,2,4,Vendredi,Mobile,Réseaux,1,0,86823.2628813441
88,63,4.949332246312693,7,2,4,Dimanche,Desktop,Payant,0,0,69562.29032977084
89,25,18.15507120309116,7,2,4,Mardi,Mobile,Payant,0,0,79848.03887216577
90,46,43.24702862171215,7,2,4,Jeudi,Mobile,Payant,1,1,134890.90953778278
91,47,1.7187352578876198,7,2,4,Dimanche,Desktop,Direct,1,0,82494.57854774068
92,73,6.777263924249016,7,2,4,Vendredi,Mobile,Organique,0,1,87155.89726658969
93,27,9.64851881504003,7,2,4,Jeudi,Mobile,Réseaux,0,0,65637.49248180016
94,56,35.42823852328828,7,2,4,Samedi,Desktop,Organique,0,0,115429.38325171913
95,45,50.156096060539475,7,2,4,Mardi,Mobile,Direct,0,0,126517.55811156453
96,66,9.807914261315242,7,2,4,Mercredi,Desktop,Organique,0,1,97854.73861655769
97,53,21.79612024220715,7,2,4,Dimanche,Mobile,Direct,0,1,93112.40619015043
98,30,12.378444055802923,7,2,4,Mercredi,Desktop,Payant,0,0,70816.06762838199
99,49,12.575809900265307,7,2,4,Mardi,Desktop,Réseaux,0,0,76960.06842020171
100,53,5.888019731364426,7,2,4,Jeudi,Desktop,Payant,0,0,61952.18891399163
101,54,4.668500566447159,7,2,4,Samedi,Mobile,Organique,0,1,83774.46800574409
102,43,6.095273138779471,7,2,4,Vendredi,Desktop,Payant,0,1,91003.91796513707
103,39,13.190046169711444,7,2,4,Mardi,Desktop,Réseaux,0,0,73825.07069445291
104,21,1.4438296643434834,7,2,4,Lundi,Desktop,Payant,0,0,55961.804988483134
105,48,36.66754293935902,7,2,4,Jeudi,Mobile,Réseaux,0,0,108193.07726715071
106,35,3.549084844787444,7,2,4,Mercredi,Desktop,Réseaux,0,1,65147.82155877955
107,55,4.7286258108723,7,2,4,Dimanche,Desktop,Payant,1,0,75816.01999263951
108,41,11.95576463993877,7,2,4,Mardi,Mobile,Direct,0,1,78176.73536404513
109,73,19.574052704805194,7,2,4,Mercredi,Mobile,Organique,0,0,84317.18164806097
110,40,2.5093936794008234,7,2,4,Jeudi,Desktop,Direct,0,1,81259.1743313023
111,39,6.73417095627917,7,2,4,Mercredi,Mobile,Direct,1,1,94200.2954575285
112,19,52.94989280317101,7,2,4,Mardi,Tablette,Payant,0,1,127031.08796689504
113,48,5.564144305525792,7,2,4,Jeudi,Desktop,Organique,0,1,82542.98659259891
114,72,6.632409711731184,7,2,4,Lundi,Desktop,Organique,0,1,78630.98699866179
115,28,28.16399585490184,7,2,4,Mardi,Mobile,Direct,0,0,84926.8751209916
116,45,1.7727855615174284,7,2,4,Vendredi,Mobile,Payant,0,0,61390.7224491663
117,63,10.37148616607345,7,2,4,Samedi,Tablette,Organique,0,0,84842.58377138003
118,49,8.161268050742212,7,2,4,Mardi,Mobile,Direct,0,1,83734.79819232787
119,22,6.709833484529664,7,2,4,Jeudi,Desktop,Organique,0,0,61506.41154821289
120,55,6.04677502743113,7,2,4,Dimanche,Mobile,Payant,0,1,80155.44645173069
121,27,2.4373273902906885,7,2,4,Samedi,Mobile,Payant,0,1,68366.94373498118
122,57,6.6712331397884865,7,2,4,Mardi,Mobile,Payant,1,0,92262.64194171953
123,63,1.6600996946060178,7,2,4,Lundi,Mobile,Organique,0,0,59945.91220014496
124,41,23.777778348818003,7,2,4,Dimanche,Tablette,Réseaux,1,0,108413.20853864873
125,52,8.618144508429458,7,2,4,Lundi,Mobile,Organique,0,0,65172.108590131305
126,61,9.802210543519177,7,2,4,Vendredi,Mobile,Réseaux,0,0,77234.48646801052
127,65,34.60748236211216,7,2,4,Dimanche,Mobile,Payant,0,0,107360.05787761895
128,40,17.09657989553044,7,2,4,Mercredi,Mobile,Direct,1,1,125489.46929237263
129,34,1.121376301812962,7,2,4,Dimanche,Mobile,Réseaux,0,1,66052.69474180127
130,18,44.01663690611289,7,2,4,Samedi,Desktop,Payant,0,0,98244.02518799448
131,72,5.0602990756747035,7,2,4,Dimanche,Mobile,Payant,0,0,73215.11140920002
132,48,2.707850674291074,7,2,4,Jeudi,Mobile,Réseaux,0,0,66554.08416724947
133,48,22.92355829526069,7,2,4,Jeudi,Mobile,Direct,0,1,110420.39521409053
134,59,11.411534023666823,7,2,4,Mercredi,Tablette,Payant,0,1,84120.69635140493
135,74,9.531338837846304,7,2,4,Dimanche,Mobile,Réseaux,0,0,70241.15064772381
136,72,5.305295971375353,7,2,4,Lundi,Mobile,Direct,0,0,79765.22014737464
137,59,12.893567679967152,7,2,4,Lundi,Desktop,Direct,0,1,80880.15213711426
138,70,5.811027456423324,7,2,4,Mardi,Mobile,Payant,0,1,81390.62782604052
139,73,35.77812669009084,7,2,4,Vendredi,Mobile,Organique,0,0,112974.431783922
140,51,4.6349811830209156,7,2,4,Samedi,Mobile,Organique,0,1,76028.2262306417
141,26,33.358471392241455,7,2,4,Vendredi,Desktop,Payant,0,0,100613.6247176732
142,39,13.294452386438257,7,2,4,Dimanche,Mobile,Direct,0,0,69595.42807725829
143,30,27.44654236981683,7,2,4,Vendredi,Desktop,Payant,1,1,117347.04390276776
144,42,19.7160491102963,7,2,4,Mardi,Desktop,Réseaux,1,1,112849.55352266965
145,65,18.89525119755561,7,2,4,Vendredi,Mobile,Organique,1,0,110555.14569054592
146,35,6.881108255052854,7,2,4,Mercredi,Mobile,Réseaux,0,1,74827.51980845614
147,68,4.9965784611897766,7,2,4,Mardi,Mobile,Payant,0,0,75556.35561186651
148,29,4.552671556129058,7,2,4,Mercredi,Desktop,Payant,0,1,74698.64852668245
149,57,30.19377710246208,7,2,4,Dimanche,Mobile,Direct,0,0,104678.10146173916
150,34,26.75758701334182,7,2,4,Mardi,Mobile,Direct,0,1,102868.42416646317
151,32,9.712647658376197,7,2,4,Dimanche,Mobile,Direct,0,1,66550.0066902834
152,59,3.1304472637317375,7,2,4,Dimanche,Tablette,Réseaux,1,0,87287.37734502378
153,32,8.225126193568439,7,2,4,Vendredi,Mobile,Direct,1,1,97755.6897529852
154,32,15.48786647256119,7,2,4,Mercredi,Tablette,Payant,0,1,89253.6699034916
155,72,10.088124312115996,7,2,4,Dimanche,Mobile,Direct,0,1,85970.5452776406
156,56,23.724826212943857,7,2,4,Mercredi,Mobile,Organique,0,0,88987.81508843582
157,30,91.62761972274016,7,2,4,Mercredi,Mobile,Direct,0,1,179806.82241368206
158,34,4.181794734788383,7,2,4,Mardi,Mobile,Réseaux,0,1,73836.66214686108
159,49,10.233095772085465,7,2,4,Jeudi,Mobile,Organique,0,0,80109.77637118552
160,26,9.457698300654496,7,2,4,Vendredi,Mobile,Organique,0,1,71945.7210710974
161,57,6.446702967314172,7,2,4,Dimanche,Tablette,Organique,0,0,76944.83404143875
162,37,4.311486645450183,7,2,4,Mercredi,Desktop,Réseaux,0,0,62459.34025556783
163,43,2.0192388300975304,7,2,4,Samedi,Desktop,Payant,0,0,59798.63102701381
164,44,33.721358841464905,7,2,4,Jeudi,Mobile,Direct,0,0,101085.41337701134
165,38,9.166995151048493,7,2,4,Dimanche,Mobile,Organique,1,1,102704.06808601765
166,35,11.30436120629231,7,2,4,Samedi,Mobile,Organique,0,0,72288.74788019824
167,30,38.32325050565572,7,2,4,Vendredi,Desktop,Organique,0,1,128645.11471350101
168,33,23.461102649375224,7,2,4,Vendredi,Tablette,Payant,0,0,79844.47305904908
169,26,3.0975759854898444,7,2,4,Mercredi,Mobile,Payant,0,0,59851.39068928804
170,29,13.50062735514885,7,2,4,Mercredi,Mobile,Réseaux,1,0,87252.05522097959
171,61,9.757727909359911,7,2,4,Dimanche,Mobile,Payant,0,0,70951.29379648587
172,55,24.933844109054075,7,2,4,Mardi,Mobile,Direct,0,1,104314.65603528178
173,36,20.32295998349191,7,2,4,Jeudi,Mobile,Réseaux,0,1,93022.73631849048
174,24,18.587389285933927,7,2,4,Dimanche,Desktop,Réseaux,1,1,124683.51675021705
175,74,7.245119397762298,7,2,4,Jeudi,Desktop,Direct,0,0,76404.95131834364
176,52,25.518546096419858,7,2,4,Mercredi,Mobile,Direct,0,0,86941.62470818534
177,65,1.8072043150284371,7,2,4,Vendredi,Mobile,Direct,0,0,69328.15785227547
178,35,3.6086041135397027,7,2,4,Mercredi,Tablette,Réseaux,0,0,46485.8791428083
179,33,7.133588956307452,7,2,4,Vendredi,Mobile,Réseaux,0,0,63435.184606704825
180,72,2.1987616501674223,7,2,4,Dimanche,Mobile,Réseaux,0,1,80275.34336075262
181,56,5.018079472551557,7,2,4,Vendredi,Mobile,Direct,0,0,74003.31661733368
182,21,27.59268057759336,7,2,4,Mercredi,Mobile,Direct,1,1,122761.1372903997
183,42,45.420408445427576,7,2,4,Lundi,Mobile,Organique,0,0,113842.35405966458
184,49,6.44907170601306,7,2,4,Jeudi,Desktop,Payant,0,0,67394.26213905105
185,57,5.608393398697722,7,2,4,Samedi,Mobile,Organique,0,1,74706.40391179413
186,30,5.925324759749083,7,2,4,Vendredi,Mobile,Direct,0,0,54083.365701280905
187,62,5.880117101024179,7,2,4,Vendredi,Desktop,Réseaux,0,1,83747.76420728484
188,34,1.5488734281381762,7,2,4,Lundi,Mobile,Direct,0,1,58532.03884755328
189,66,40.24225829879238,7,2,4,Dimanche,Desktop,Payant,0,0,115501.55217267231
190,54,4.6062177471283485,7,2,4,Dimanche,Desktop,Organique,0,1,70910.75581139812
191,23,9.171012996169402,7,2,4,Dimanche,Mobile,Organique,0,0,67031.95189518311
192,36,1.1460115869980094,7,2,4,Samedi,Desktop,Réseaux,0,0,68975.64232916289
193,30,30.274180153289898,7,2,4,Mardi,Mobile,Organique,0,1,94668.77471344794
194,74,20.70443491208628,7,2,4,Lundi,Tablette,Organique,0,0,83105.53867185394
195,43,44.99306226116568,7,2,4,Samedi,Mobile,Direct,0,1,125915.4024630841
196,31,23.822468695968364,7,2,4,Lundi,Tablette,Organique,1,1,114822.75455524187
197,48,6.646748766254238,7,2,4,Vendredi,Desktop,Organique,1,1,99219.45934305336
198,71,5.272758448971124,7,2,4,Jeudi,Mobile,Organique,0,0,71121.4141933672
199,21,18.94583985377441,7,2,4,Lundi,Mobile,Réseaux,0,0,74267.36280113789
200,56,7.791010758457318,7,2,4,Mardi,Tablette,Réseaux,0,1,84663.41728262004
201,25,13.528094434722314,7,2,4,Mercredi,Desktop,Direct,1,0,96259.12605630993
202,42,1.0941569658387085,7,2,4,Samedi,Mobile,Organique,0,0,46267.77617966395
203,30,1.9582522627045493,7,2,4,Lundi,Desktop,Réseaux,0,0,53858.75713848688
204,49,12.497641869603862,7,2,4,Lundi,Mobile,Réseaux,0,0,77704.85844949503
205,55,13.523137637373097,7,2,4,Mardi,Mobile,Direct,1,0,93250.06681975843
206,55,21.88184639588463,7,2,4,Jeudi,Mobile,Payant,0,1,111726.87986668467
207,73,3.1228541615449927,7,2,4,Lundi,Mobile,Organique,0,1,77546.50423612572
208,45,11.798007528837475,7,2,4,Lundi,Desktop,Réseaux,0,0,73807.42276287937
209,70,4.243406213132264,7,2,4,Jeudi,Mobile,Direct,0,0,76010.80687352027
210,47,2.467436216397041,7,2,4,Mardi,Desktop,Direct,0,0,58636.926076827716
211,20,8.927101364092522,7,2,4,Samedi,Mobile,Direct,0,1,59859.44932384228
212,45,3.675002460875445,7,2,4,Samedi,Mobile,Réseaux,0,0,60629.066072443544
213,20,4.7612284056385725,7,2,4,Lundi,Mobile,Organique,0,1,73240.04485270866
214,62,6.7310908843839705,7,2,4,Jeudi,Mobile,Payant,0,0,70801.06597810035
215,71,5.504184229792185,7,2,4,Lundi,Mobile,Organique,0,1,78628.83666647146
216,51,2.3750087572411447,7,2,4,Dimanche,Mobile,Direct,0,0,69761.91444422872
217,33,2.413279676362346,7,2,4,Mercredi,Mobile,Direct,0,1,65512.320807083684
218,39,4.221110848133327,7,2,4,Samedi,Mobile,Payant,0,0,58845.601881645736
219,49,1.7782312989466895,7,2,4,Dimanche,Mobile,Organique,0,1,73065.92038891483
220,55,15.770833098054915,7,2,4,Vendredi,Mobile,Direct,0,0,87605.705231455
221,25,6.080982872635933,7,2,4,Mercredi,Desktop,Direct,0,1,85463.81119600125
222,72,5.922269599844743,7,2,4,Lundi,Tablette,Organique,1,1,110116.56968095273
223,25,7.051968278687078,7,2,4,Mardi,Mobile,Direct,0,0,68907.53022492373
224,74,17.30602005573047,7,2,4,Samedi,Mobile,Organique,0,1,97301.80766963646
225,23,31.676631497000756,7,2,4,Vendredi,Mobile,Direct,0,0,86194.45116697092
226,31,22.3497868984547,7,2,4,Mercredi,Tablette,Organique,0,0,83723.99117698091
227,49,20.503359062701364,7,2,4,Samedi,Mobile,Payant,1,0,107143.86331708914
228,52,10.936103689631027,7,2,4,Jeudi,Mobile,Direct,1,0,87827.03737747854
229,27,18.75302416128866,7,2,4,Mardi,Mobile,Payant,0,1,85970.78248041686
230,20,13.069978157326549,7,2,4,Mercredi,Mobile,Direct,0,1,79997.20167735808
231,29,4.654987914361595,7,2,4,Jeudi,Mobile,Direct,0,0,61841.11090518211
232,66,4.5090557771213575,7,2,4,Dimanche,Desktop,Réseaux,0,0,74709.94850769597
233,48,6.273008587872937,7,2,4,Lundi,Mobile,Organique,0,1,79553.4602325138
234,46,37.25356275178396,7,2,4,Jeudi,Desktop,Payant,0,1,114256.26048661814
235,22,12.891690032400016,7,2,4,Mercredi,Mobile,Payant,0,0,64612.0648378941
236,69,20.85854961848337,7,2,4,Mercredi,Mobile,Payant,0,1,95779.06834335333
237,42,7.3825399827637,7,2,4,Dimanche,Tablette,Organique,1,0,98651.40388408281
238,58,8.85652963296889,7,2,4,Lundi,Mobile,Réseaux,0,0,74570.15370744563
239,48,3.0126696580107106,7,2,4,Jeudi,Desktop,Payant,1,1,91553.80973653775
240,38,3.818364800532235,7,2,4,Jeudi,Mobile,Organique,0,0,55248.46975518362
241,37,27.347902327676735,7,2,4,Lundi,Mobile,Direct,0,0,111056.81130950348
242,56,14.186319925389263,7,2,4,Jeudi,Tablette,Payant,0,0,73778.78049119997
243,39,7.176755911453007,7,2,4,Samedi,Mobile,Payant,0,1,73075.09633128367
244,21,25.356948265618293,7,2,4,Lundi,Desktop,Réseaux,0,1,96528.83350563365
245,30,5.245790182497909,7,2,4,Mardi,Mobile,Payant,0,0,64513.38006469728
246,62,56.965972289153214,7,2,4,Mercredi,Desktop,Payant,1,0,164739.87866045345
247,59,7.342624309807768,7,2,4,Mardi,Mobile,Direct,0,0,84666.17357173684
248,67,7.171741144036004,7,2,4,Samedi,Mobile,Organique,0,0,78537.81354195483
249,66,6.607576074515763,7,2,4,Dimanche,Desktop,Organique,1,0,86888.92291783399
250,37,2.9535355707539233,7,2,4,Samedi,Tablette,Réseaux,0,1,68013.64102813997
251,69,2.7671849025081965,7,2,4,Vendredi,Tablette,Direct,0,0,72123.81426225168
252,30,16.666338122126618,7,2,4,Vendredi,Desktop,Organique,0,0,89089.78351184902
253,34,32.20579516494558,7,2,4,Vendredi,Desktop,Direct,1,0,107703.96578239955
254,71,24.4469416820601,7,2,4,Lundi,Mobile,Organique,1,0,126689.86971272397
255,53,3.2816742972311514,7,2,4,Jeudi,Mobile,Direct,1,1,96194.93244990184
256,50,12.831071015521522,7,2,4,Samedi,Mobile,Réseaux,0,0,82556.49303608628
257,18,2.673890866797479,7,2,4,Mardi,Mobile,Payant,1,0,72264.73164153934
258,32,1.6952877017394399,7,2,4,Dimanche,Mobile,Réseaux,0,0,51067.89316195123
259,30,17.023539031380874,7,2,4,Mardi,Mobile,Organique,0,0,80929.05283618768
260,34,12.490682895696088,7,2,4,Mardi,Mobile,Réseaux,0,0,75669.3178209037
261,41,2.2837553436767544,7,2,4,Mardi,Desktop,Payant,0,0,66671.19262581173
262,25,1.533463337989386,7,2,4,Dimanche,Mobile,Réseaux,1,0,73644.19161103603
263,67,69.71655201550556,7,2,4,Vendredi,Mobile,Organique,1,0,172877.34888756726
264,44,1.457217994491906,7,2,4,Mardi,Mobile,Organique,0,0,49993.900755378236
265,62,9.819062976583604,7,2,4,Dimanche,Desktop,Réseaux,0,0,82419.86740563763
266,40,11.536422477742532,7,2,4,Dimanche,Desktop,Payant,0,1,84699.18955585083
267,63,2.871210953433212,7,2,4,Jeudi,Desktop,Réseaux,1,0,81602.91010373857
268,25,3.777997437644111,7,2,4,Dimanche,Mobile,Payant,0,0,53494.01908322089
269,25,7.50345567793907,7,2,4,Vendredi,Mobile,Direct,0,0,58844.75671981825
270,43,22.5118550073815,7,2,4,Mardi,Mobile,Payant,0,0,77744.48203018492
271,64,11.61119961520397,7,2,4,Dimanche,Mobile,Direct,0,1,84524.85179815357
272,30,16.237600586754382,7,2,4,Lundi,Mobile,Réseaux,0,0,67554.66793156661
273,56,64.17115485702394,7,2,4,Dimanche,Mobile,Payant,1,1,173062.47533483538
274,54,22.915620034966725,7,2,4,Mercredi,Mobile,Direct,0,0,86750.99363174777
275,66,9.547001411849305,7,2,4,Mercredi,Tablette,Direct,0,0,67349.68961784539
276,45,9.870829050018745,7,2,4,Mercredi,Tablette,Direct,0,1,94626.25206575466
277,42,15.465367895949855,7,2,4,Dimanche,Mobile,Organique,0,0,86103.77373193577
278,33,17.42073274321287,7,2,4,Vendredi,Mobile,Réseaux,1,0,92061.08268265295
279,72,11.418550660353539,7,2,4,Mardi,Mobile,Direct,0,0,84207.66151314428
280,19,16.528699663731057,7,2,4,Samedi,Mobile,Payant,0,1,84319.49289781717
281,71,1.3572070844320419,7,2,4,Samedi,Tablette,Direct,0,0,76717.05362937224
282,35,9.421862419840885,7,2,4,Samedi,Mobile,Organique,0,1,72153.27684536805
283,34,5.905453888270487,7,2,4,Vendredi,Desktop,Réseaux,0,0,69909.44402871923
284,47,3.074704056304899,7,2,4,Jeudi,Mobile,Organique,0,1,69541.582571204
285,56,2.5728515185467695,7,2,4,Lundi,Tablette,Organique,0,0,56845.536741991855
286,30,14.86454739777519,7,2,4,Lundi,Mobile,Organique,0,1,87750.65155459546
287,49,12.122478850251843,7,2,4,Mercredi,Desktop,Payant,0,0,84267.41497183182
288,67,5.387085252935965,7,2,4,Mercredi,Mobile,Réseaux,0,1,99660.3854579721
289,46,10.55008667083951,7,2,4,Dimanche,Desktop,Réseaux,0,0,64912.413052458855
290,63,11.165968740317414,7,2,4,Samedi,Mobile,Payant,0,0,83722.84298709498
291,47,4.2538623617525175,7,2,4,Dimanche,Mobile,Réseaux,1,0,81815.86154704816
292,35,16.837303812560478,7,2,4,Samedi,Tablette,Organique,1,0,102185.36754838662
293,30,23.774730719017036,7,2,4,Mercredi,Tablette,Réseaux,0,0,75223.19068134762
294,60,24.514620837864136,7,2,4,Mardi,Desktop,Payant,0,1,97203.01126677643
295,38,14.837266752496852,7,2,4,Jeudi,Desktop,Organique,0,1,80509.83935403041
296,47,11.750493064791339,7,2,4,Dimanche,Desktop,Payant,0,0,75187.86041400261
297,38,1.9442111025596072,7,2,4,Jeudi,Mobile,Direct,1,1,84152.83424852687
298,65,6.091606837312087,7,2,4,Jeudi,Mobile,Organique,0,0,77469.31090951174
299,72,2.468682301894942,7,2,4,Jeudi,Mobile,Organique,0,0,77425.13356507171
300,34,50.79004252276931,7,2,4,Mercredi,Desktop,Réseaux,1,1,154957.18859998486
301,57,3.1767764640882272,7,2,4,Lundi,Mobile,Organique,1,1,106792.13620773426
302,36,3.469147470734134,7,2,4,Mercredi,Mobile,Payant,0,1,72768.24760959421
303,69,34.05150065618363,7,2,4,Jeudi,Mobile,Réseaux,0,0,103119.29240687245
304,32,44.216856330647,7,2,4,Mercredi,Desktop,Direct,0,1,131044.1979568237
305,26,22.77555743235429,7,2,4,Jeudi,Mobile,Payant,0,0,78272.20689316484
306,69,1.081293746779124,7,2,4,Vendredi,Mobile,Direct,1,0,93512.23598122114
307,27,1.0202076699021647,7,2,4,Samedi,Mobile,Direct,1,0,84021.93116600778
308,61,8.124658130086988,7,2,4,Lundi,Mobile,Direct,0,1,87322.10862069805
309,48,3.3216821310744935,7,2,4,Vendredi,Mobile,Organique,0,1,63981.56336547912
310,70,1.2783590210892357,7,2,4,Mardi,Desktop,Payant,1,1,91945.36062698776
311,40,10.356183192745055,7,2,4,Mercredi,Desktop,Payant,0,0,79215.57624059367
312,69,43.98685780908743,7,2,4,Mardi,Desktop,Organique,0,0,122997.53013894409
313,47,6.869430062785162,7,2,4,Dimanche,Mobile,Réseaux,0,0,68797.66003611973
314,50,17.232553575183925,7,2,4,Mercredi,Desktop,Direct,0,0,87804.94510936258
315,74,16.843439951617125,7,2,4,Samedi,Mobile,Payant,0,0,94745.82108324456
316,69,5.336848730016138,7,2,4,Vendredi,Mobile,Organique,0,1,85124.9106074459
317,26,16.76556789767678,7,2,4,Samedi,Desktop,Direct,0,0,72996.11611446254
318,71,4.580216563010957,7,2,4,Dimanche,Mobile,Réseaux,0,0,71089.60537799742
319,64,2.951756936381643,7,2,4,Jeudi,Mobile,Réseaux,0,0,74331.03889231825
320,18,19.128916291317623,7,2,4,Samedi,Desktop,Direct,0,0,78464.76077012013
321,61,2.806110932802535,7,2,4,Samedi,Mobile,Réseaux,0,0,65853.19031792479
322,52,87.689970045076,7,2,4,Jeudi,Desktop,Payant,1,1,212351.6964091546
323,28,4.040051081016234,7,2,4,Mercredi,Mobile,Payant,0,1,67327.29346203119
324,51,14.526273941448672,7,2,4,Jeudi,Desktop,Payant,0,1,83863.53162140748
325,33,8.949478634536938,7,2,4,Vendredi,Mobile,Réseaux,0,0,61445.05893342648
326,26,3.026756979913283,7,2,4,Samedi,Mobile,Payant,1,0,69604.29916585743
327,49,1.4235834775388634,7,2,4,Jeudi,Desktop,Organique,0,0,60013.10874682176
328,32,15.622003255157018,7,2,4,Dimanche,Mobile,Payant,0,1,92735.71828735777
329,29,25.657145982976758,7,2,4,Dimanche,Mobile,Payant,0,1,91544.98780194971
330,50,28.678890614929454,7,2,4,Samedi,Mobile,Réseaux,0,0,99063.86294022614
331,62,10.887375209632273,7,2,4,Vendredi,Mobile,Payant,0,0,74151.14631075872
332,31,23.539420748616752,7,2,4,Mardi,Mobile,Direct,0,0,83169.11696036003
333,74,17.75991603450996,7,2,4,Vendredi,Mobile,Organique,0,1,91319.72006670464
334,74,20.324155597567504,7,2,4,Lundi,Tablette,Réseaux,0,1,103125.1184318381
335,25,11.176805069177547,7,2,4,Lundi,Mobile,Organique,0,0,65445.34440290009
336,25,16.05273953131246,7,2,4,Lundi,Mobile,Direct,0,0,76640.47481945314
337,44,25.56184534829921,7,2,4,Samedi,Mobile,Réseaux,0,0,93243.50738809466
338,29,8.609581791591545,7,2,4,Dimanche,Mobile,Réseaux,0,0,56811.58372854902
339,18,25.596825511270893,7,2,4,Mercredi,Tablette,Payant,0,0,90413.33991825007
340,60,14.447940801637237,7,2,4,Dimanche,Mobile,Organique,0,0,83839.28736359885
341,57,3.72104811775604,7,2,4,Mercredi,Tablette,Direct,0,1,78551.55057177295
342,59,1.3749087870074288,7,2,4,Mercredi,Mobile,Direct,1,1,94423.48609630708
343,68,7.75898328463697,7,2,4,Dimanche,Desktop,Réseaux,1,0,92577.9568235689
344,28,12.86789531689367,7,2,4,Samedi,Mobile,Payant,0,1,81163.54819048487
345,56,28.47188942330759,7,2,4,Vendredi,Desktop,Réseaux,0,0,102638.27939986516
346,60,3.0456431889029245,7,2,4,Mercredi,Mobile,Réseaux,0,0,56082.625799149435
347,48,25.15705275190676,7,2,4,Mardi,Mobile,Réseaux,1,0,108681.85562038093
348,34,30.817605775327838,7,2,4,Dimanche,Mobile,Réseaux,0,0,93721.16090953596
349,50,3.4499209749385717,7,2,4,Dimanche,Mobile,Direct,0,0,66457.31394446705
350,49,29.617085040405062,7,2,4,Lundi,Tablette,Direct,0,0,106547.06849175329
351,46,72.43362062017664,7,2,4,Vendredi,Mobile,Réseaux,0,0,148783.14067682248
352,38,20.465399432978064,7,2,4,Lundi,Mobile,Réseaux,1,1,109353.0231605444
353,38,24.040698653572072,7,2,4,Dimanche,Desktop,Payant,0,0,84466.21681144452
354,57,78.81578131450432,7,2,4,Dimanche,Mobile,Réseaux,0,0,160551.1678068159
355,40,14.951329189625103,7,2,4,Mercredi,Tablette,Direct,1,0,93947.16969542357
356,73,6.520077235060382,7,2,4,Vendredi,Desktop,Organique,0,1,91207.55571885032
357,23,28.25900565065721,7,2,4,Jeudi,Mobile,Direct,0,0,81534.17490772447
358,39,15.2976578956729,7,2,4,Mardi,Desktop,Payant,0,1,89324.61613158301
359,67,14.055263093839308,7,2,4,Mercredi,Mobile,Direct,1,0,92742.4350463094
360,55,5.388118998827619,7,2,4,Dimanche,Mobile,Organique,0,0,65279.17201176773
361,54,22.179369253679173,7,2,4,Mercredi,Mobile,Réseaux,0,0,88466.8188058919
362,62,2.2779326414796666,7,2,4,Mardi,Mobile,Organique,0,0,78144.42261792549
363,68,39.71209506711523,7,2,4,Dimanche,Desktop,Réseaux,0,0,116377.88944179085
364,71,6.9139491208998285,7,2,4,Mardi,Tablette,Réseaux,0,0,61776.62859727526
365,25,3.050611941396618,7,2,4,Jeudi,Mobile,Direct,0,0,42976.07930328838
366,58,9.760801026897976,7,2,4,Mercredi,Mobile,Direct,0,0,75889.54313580711
367,66,1.6509719808579968,7,2,4,Samedi,Tablette,Direct,1,0,91332.97240034788
368,52,18.309949882559984,7,2,4,Mercredi,Mobile,Payant,0,1,97185.2702136121
369,68,35.95019387430387,7,2,4,Lundi,Mobile,Direct,0,0,114347.33816833455
370,28,28.23429883091875,7,2,4,Vendredi,Mobile,Payant,0,1,107479.73183216568
371,41,3.043645531927188,7,2,4,Vendredi,Tablette,Direct,0,1,67590.35315099641
372,66,3.0247776547032155,7,2,4,Lundi,Mobile,Réseaux,1,0,94974.12286963692
373,38,26.184592005695634,7,2,4,Dimanche,Desktop,Payant,0,0,79942.11803053824
374,68,39.705598998836265,7,2,4,Vendredi,Desktop,Organique,0,0,112241.92638273117
375,19,10.261410025090514,7,2,4,Mardi,Mobile,Payant,0,1,61538.82599606518
376,57,11.366372930324397,7,2,4,Vendredi,Mobile,Payant,0,1,85467.21181933783
377,36,6.746648798166003,7,2,4,Vendredi,Desktop,Organique,0,1,74035.09895250293
378,56,34.70230650267126,7,2,4,Lundi,Mobile,Payant,0,1,118257.38629258306
379,45,16.530460310260196,7,2,4,Dimanche,Desktop,Réseaux,0,1,90507.73896785159
380,34,6.100461530908133,7,2,4,Jeudi,Tablette,Direct,0,0,56936.13028867284
381,23,6.3240654728135475,7,2,4,Vendredi,Desktop,Organique,0,0,58455.948238479185
382,36,34.27366924151475,7,2,4,Samedi,Desktop,Direct,0,1,100590.23102701668
383,73,1.2059173110650199,7,2,4,Vendredi,Desktop,Réseaux,1,0,97951.40146461142
384,55,6.845203102741794,7,2,4,Jeudi,Desktop,Organique,0,0,68875.96528710984
385,45,13.123545708829466,7,2,4,Lundi,Mobile,Direct,0,1,82437.14079883041
386,19,3.4063603290574096,7,2,4,Jeudi,Mobile,Direct,0,0,64977.39118237395
387,55,2.4492949964104387,7,2,4,Lundi,Mobile,Réseaux,0,1,66794.36165055021
388,72,26.333413781932197,7,2,4,Mardi,Desktop,Direct,0,1,104414.17645742178
389,54,34.72207701617579,7,2,4,Lundi,Mobile,Réseaux,1,0,119525.67776330118
390,68,27.025563027319233,7,2,4,Mardi,Desktop,Payant,0,1,110938.93001565659
391,69,35.358052939918785,7,2,4,Mardi,Mobile,Réseaux,1,0,135278.73652541987
392,21,13.081708154279637,7,2,4,Lundi,Desktop,Payant,0,0,72744.41199827814
393,39,26.09030865324262,7,2,4,Samedi,Mobile,Organique,0,0,107682.37366533988
394,43,8.26866304017514,7,2,4,Mercredi,Desktop,Direct,1,0,73715.66600761443
395,66,17.46124882359974,7,2,4,Lundi,Mobile,Réseaux,0,0,92361.45406768059
396,60,68.42528483523432,7,2,4,Vendredi,Mobile,Réseaux,1,0,169172.91788380887
397,53,4.837475338992329,7,2,4,Samedi,Mobile,Direct,0,0,63738.573468858485
398,30,8.411979774644909,7,2,4,Samedi,Desktop,Direct,1,0,80320.18606472194
399,69,10.810263726537318,7,2,4,Vendredi,Mobile,Organique,0,1,84516.50413797167
400,49,3.2277696229061763,7,2,4,Mercredi,Mobile,Organique,0,1,85019.5158726597
401,34,2.2676675660914363,7,2,4,Samedi,Tablette,Réseaux,0,0,63507.692003520846
402,58,27.55491956731561,7,2,4,Mardi,Desktop,Organique,0,0,99128.87829273425
403,53,57.4504071877813,7,2,4,Mercredi,Tablette,Payant,0,0,145351.68659478336
404,72,8.780978538464087,7,2,4,Dimanche,Mobile,Organique,0,0,69061.0171626803
405,63,2.375971165860796,7,2,4,Vendredi,Mobile,Organique,0,1,68738.90361706007
406,36,2.02115980065165,7,2,4,Mercredi,Desktop,Réseaux,0,1,53882.030692978464
407,52,34.289964860475536,7,2,4,Lundi,Mobile,Payant,0,0,101253.68872941541
408,63,10.349119433950797,7,2,4,Mercredi,Desktop,Organique,0,0,79133.97180839167
409,57,6.785539795512397,7,2,4,Mardi,Mobile,Payant,0,0,72115.28081757802
410,73,10.707164064511986,7,2,4,Lundi,Mobile,Payant,0,1,92622.07444195292
411,45,6.7475741083203316,7,2,4,Jeudi,Mobile,Payant,0,0,58219.3998384168
412,18,11.07183552424009,7,2,4,Vendredi,Mobile,Direct,0,1,79369.76810087636
413,59,30.44423908513984,7,2,4,Vendredi,Mobile,Direct,0,1,114484.01344599863
414,35,14.458405481224473,7,2,4,Mercredi,Mobile,Direct,1,0,98739.51672400636
415,65,18.794634626201372,7,2,4,Samedi,Tablette,Direct,1,0,97045.87909710896
416,57,7.804176916344478,7,2,4,Lundi,Mobile,Réseaux,0,1,84641.2368855368
417,50,21.120152135403707,7,2,4,Jeudi,Desktop,Organique,0,0,80147.53697591905
418,29,17.476953315515814,7,2,4,Lundi,Desktop,Direct,0,0,73674.8415391143
419,25,2.9100364826362064,7,2,4,Vendredi,Mobile,Réseaux,0,0,59384.73787832174
420,41,13.752028086755415,7,2,4,Lundi,Mobile,Organique,0,1,85749.31991462583
421,33,5.450711002032463,7,2,4,Jeudi,Desktop,Direct,0,1,66080.34454510799
422,67,25.45193273937612,7,2,4,Samedi,Desktop,Organique,0,1,109035.62106159066
423,21,9.325260500740582,7,2,4,Mercredi,Desktop,Direct,0,1,62772.03494112429
424,55,79.5559782092526,7,2,4,Mardi,Desktop,Réseaux,0,1,183475.08289725476
425,61,2.455932931309273,7,2,4,Lundi,Tablette,Payant,1,1,95210.1618123147
426,44,23.735652674653114,7,2,4,Mardi,Mobile,Payant,0,0,96715.20713866796
427,26,17.799150821829116,7,2,4,Vendredi,Mobile,Organique,1,0,91918.10502611706
428,64,22.882900363749688,7,2,4,Mercredi,Desktop,Réseaux,1,1,120867.17675244897
429,33,6.512351017379287,7,2,4,Dimanche,Mobile,Payant,0,1,68043.25638028898
430,73,11.16071649580714,7,2,4,Mercredi,Desktop,Direct,0,1,97976.97786209699
431,29,24.881967114100902,7,2,4,Lundi,Mobile,Payant,0,0,81331.10283897066
432,48,4.970059798684004,7,2,4,Samedi,Mobile,Organique,1,1,99812.87841859544
433,41,4.843394443300413,7,2,4,Mercredi,Desktop,Organique,1,1,90627.2835159897
434,72,13.012688191079924,7,2,4,Lundi,Mobile,Réseaux,0,0,71569.0619160246
435,31,12.121314926102583,7,2,4,Lundi,Mobile,Organique,0,0,66180.86540919302
436,62,5.974770016668824,7,2,4,Mardi,Mobile,Payant,0,0,64293.7899177595
437,42,6.3089446756553125,7,2,4,Mercredi,Desktop,Payant,0,0,66126.78036522777
438,51,5.882735615335192,7,2,4,Lundi,Mobile,Payant,0,0,60496.7129874212
439,20,23.14407786671127,7,2,4,Mardi,Desktop,Payant,1,0,106468.8789150725
440,41,16.82901956052646,7,2,4,Jeudi,Mobile,Réseaux,0,0,78761.96873897733
441,71,27.7941643375674,7,2,4,Dimanche,Desktop,Direct,0,1,112209.60151654355
442,59,56.61972822728749,7,2,4,Mardi,Desktop,Direct,0,1,151500.4374802553
443,26,10.641496980443819,7,2,4,Mardi,Mobile,Réseaux,0,1,82478.95146257829
444,43,2.035330458411525,7,2,4,Lundi,Mobile,Organique,0,0,60502.13607642788
445,37,1.7393082041601788,7,2,4,Vendredi,Mobile,Direct,0,0,53229.63178540197
446,57,6.2575185923526355,7,2,4,Vendredi,Desktop,Organique,1,1,88605.3483704475
447,27,41.44432723576013,7,2,4,Samedi,Mobile,Direct,1,0,122175.94277026533
448,36,12.110283159966736,7,2,4,Vendredi,Desktop,Organique,0,1,77321.73072401228
449,20,5.757415399469661,7,2,4,Mardi,Mobile,Réseaux,1,1,88153.4404904048
450,41,8.641568669043417,7,2,4,Samedi,Mobile,Payant,0,0,66372.2428849928
451,22,14.691769808001332,7,2,4,Lundi,Mobile,Organique,0,1,84667.17941541859
452,20,16.874281482181445,7,2,4,Mercredi,Mobile,Payant,0,0,68525.26831483467
453,44,3.5071117270157695,7,2,4,Dimanche,Mobile,Organique,0,0,62515.69671950389
454,33,57.60458880123688,7,2,4,Dimanche,Desktop,Organique,1,1,167384.62908255996
455,66,12.804360778776365,7,2,4,Mardi,Desktop,Organique,0,0,84512.66777160206
456,32,3.1873274790149035,7,2,4,Mardi,Mobile,Organique,0,1,67972.15309944944
457,52,34.61321628125642,7,2,4,Samedi,Tablette,Organique,0,0,102315.57723377051
458,29,2.163560987889097,7,2,4,Lundi,Desktop,Payant,0,0,52069.09924565161
459,58,36.74642653888763,7,2,4,Jeudi,Tablette,Organique,0,0,105446.30195910754
460,70,86.1089414641828,7,2,4,Mardi,Mobile,Payant,0,1,185894.1183472015
461,61,19.08119757518208,7,2,4,Jeudi,Mobile,Réseaux,0,0,93808.4800672638
462,43,23.074334535813747,7,2,4,Jeudi,Mobile,Direct,0,0,86741.51006495165
463,64,7.171557400980196,7,2,4,Vendredi,Desktop,Organique,1,1,94873.726590837
464,51,43.60064665571657,7,2,4,Lundi,Mobile,Direct,0,0,129285.85598853027
465,40,12.316212799618894,7,2,4,Dimanche,Mobile,Payant,0,1,85040.01076950156
466,48,20.773281662655922,7,2,4,Dimanche,Mobile,Réseaux,0,0,77602.519704718
467,67,39.67660387987462,7,2,4,Jeudi,Mobile,Réseaux,0,1,124734.74060920835
468,37,56.44156796885867,7,2,4,Dimanche,Desktop,Réseaux,0,1,140492.259846731
469,29,27.864788621255315,7,2,4,Lundi,Mobile,Direct,0,0,101050.45130494228
470,40,6.4149247923751425,7,2,4,Vendredi,Mobile,Payant,1,0,77780.41487641586
471,21,51.96443877368255,7,2,4,Lundi,Desktop,Organique,0,1,135053.9815053056
472,40,15.83774195336102,7,2,4,Mardi,Tablette,Organique,1,0,106549.07805557178
473,65,41.027209750452116,7,2,4,Jeudi,Desktop,Payant,1,1,144275.45907485383
474,72,17.910039542304844,7,2,4,Lundi,Tablette,Direct,0,0,89109.43759688482
475,65,6.506052423222899,7,2,4,Dimanche,Desktop,Organique,0,0,66907.6031041238
476,18,7.931115813475918,7,2,4,Mercredi,Mobile,Payant,0,0,58837.09124157746
477,71,12.993349595932015,7,2,4,Lundi,Mobile,Organique,1,1,113394.12363872473
478,42,24.41077637285314,7,2,4,Jeudi,Desktop,Réseaux,1,0,113588.82453587715
479,19,6.740500553814856,7,2,4,Vendredi,Desktop,Organique,0,1,75903.25746068139
480,47,14.002910377541244,7,2,4,Dimanche,Desktop,Direct,0,1,82546.28337130725
481,20,7.361120313114227,7,2,4,Vendredi,Mobile,Payant,0,0,47192.08843949936
482,38,26.373506055080874,7,2,4,Jeudi,Mobile,Direct,1,0,110390.13962789657
483,42,10.43085762805787,7,2,4,Dimanche,Mobile,Payant,1,1,102702.09431405041
484,37,2.1973869043757315,7,2,4,Mardi,Mobile,Réseaux,0,0,60514.76269906923
485,66,3.723772810059243,7,2,4,Dimanche,Mobile,Payant,0,1,78063.43260999337
486,69,1.9457690965053094,7,2,4,Mardi,Desktop,Organique,0,0,69848.58376922073
487,39,11.376310651823351,7,2,4,Vendredi,Mobile,Organique,0,0,81486.63044859581
488,38,2.686402976486913,7,2,4,Vendredi,Mobile,Réseaux,1,1,91824.54670590229
489,50,2.817944796427215,7,2,4,Jeudi,Mobile,Payant,0,0,61505.94449954945
490,69,43.46554204818869,7,2,4,Mardi,Desktop,Réseaux,0,0,120146.06438114842
491,55,31.912838604700713,7,2,4,Vendredi,Mobile,Organique,0,0,102590.7856293688
492,32,10.024570418493042,7,2,4,Mardi,Mobile,Direct,1,0,97867.83399821656
493,63,64.82332138534582,7,2,4,Vendredi,Mobile,Réseaux,0,0,148235.43136740645
494,69,1.0027981835380888,7,2,4,Dimanche,Mobile,Direct,0,1,77491.51266382427
495,32,15.27797033265847,7,2,4,Lundi,Tablette,Direct,0,0,71219.98724614982
496,63,15.373425906386593,7,2,4,Mercredi,Tablette,Payant,1,0,111505.02892861131
497,42,10.171933494064406,7,2,4,Dimanche,Mobile,Réseaux,1,1,113277.16689580199
498,38,8.586277084038729,7,2,4,Samedi,Mobile,Direct,0,0,70529.53845386632
499,41,10.115090986325994,7,2,4,Lundi,Desktop,Direct,0,0,71105.4317118816
500,74,9.041137051061558,7,2,4,Samedi,Mobile,Payant,0,1,90029.81709418188
